{
  "user_id": "WK",
  "extraversion": 0.8857142857142858,
  "agreeableness": 0.9,
  "conscientiousness": 0.9,
  "neuroticism": 0.8833333333333333,
  "openness": 0.7833333333333333,
  "communication_style": 